Price,Adj Close,Adj Close,Adj Close,Close,Close,Close,High,High,High,Low,Low,Low,Open,Open,Open,Volume,Volume,Volume
Ticker,AAPL,GOOG,MSFT,AAPL,GOOG,MSFT,AAPL,GOOG,MSFT,AAPL,GOOG,MSFT,AAPL,GOOG,MSFT,AAPL,GOOG,MSFT
Date,,,,,,,,,,,,,,,,,,
2022-01-03 00:00:00+00:00,179.27359008789062,144.71908569335938,326.9408264160156,182.00999450683594,145.07449340820312,334.75,182.8800048828125,145.5500030517578,338.0,177.7100067138672,143.50250244140625,329.7799987792969,177.8300018310547,144.47549438476562,335.3500061035156,104487900,25214000,28865100
2022-01-04 00:00:00+00:00,176.9983367919922,144.06271362304688,321.334716796875,179.6999969482422,144.41650390625,329.010009765625,182.94000244140625,146.61000061035156,335.20001220703125,179.1199951171875,143.81614685058594,326.1199951171875,182.6300048828125,145.55050659179688,334.8299865722656,99310400,22928000,32674300
2022-01-05 00:00:00+00:00,172.2902069091797,137.3162841796875,308.9993896484375,174.9199981689453,137.65350341796875,316.3800048828125,180.1699981689453,144.29800415039062,326.07000732421875,174.63999938964844,137.52349853515625,315.9800109863281,179.61000061035156,144.18099975585938,325.8599853515625,94537600,49642000,40054300
2022-01-06 00:00:00+00:00,169.41409301757812,137.2140350341797,306.5577087402344,172.0,137.55099487304688,313.8800048828125,175.3000030517578,139.68600463867188,318.70001220703125,171.63999938964844,136.7635040283203,311.489990234375,172.6999969482422,137.49749755859375,313.1499938964844,96904000,29050000,39646100
2022-01-07 00:00:00+00:00,169.58155822753906,136.6688690185547,306.7138977050781,172.1699981689453,137.00450134277344,314.0400085449219,174.13999938964844,138.25474548339844,316.5,171.02999877929688,135.78900146484375,310.0899963378906,172.88999938964844,137.90499877929688,314.1499938964844,86709100,19408000,32720000
2022-01-10 00:00:00+00:00,169.60122680664062,138.23452758789062,306.9385986328125,172.19000244140625,138.57400512695312,314.2699890136719,172.5,138.63999938964844,314.7200012207031,168.1699981689453,133.1405029296875,304.69000244140625,169.0800018310547,135.0989990234375,309.489990234375,106765600,34096000,44289500
2022-01-11 00:00:00+00:00,172.44781494140625,139.6744842529297,307.63201904296875,175.0800018310547,140.0175018310547,314.9800109863281,175.17999267578125,140.32949829101562,316.6099853515625,170.82000732421875,136.81350708007812,309.8900146484375,172.32000732421875,138.1804962158203,313.3800048828125,76138300,23502000,29386800
2022-01-12 00:00:00+00:00,172.89105224609375,141.3009796142578,310.8452453613281,175.52999877929688,141.6479949951172,318.2699890136719,177.17999267578125,142.8142547607422,323.4100036621094,174.82000732421875,141.11199951171875,317.0799865722656,176.1199951171875,141.55450439453125,319.6700134277344,74805200,23642000,34372200
2022-01-13 00:00:00+00:00,169.60122680664062,138.7901611328125,297.68951416015625,172.19000244140625,139.13099670410156,304.79998779296875,176.6199951171875,143.1855010986328,320.8800048828125,171.7899932861328,138.91400146484375,304.0,175.77999877929688,141.8404998779297,320.4700012207031,84505800,26566000,45366000
2022-01-14 00:00:00+00:00,170.46803283691406,139.4440460205078,302.96356201171875,173.07000732421875,139.7864990234375,310.20001220703125,173.77999877929688,141.20050048828125,310.82000732421875,171.08999633789062,137.5,303.75,171.33999633789062,137.5,304.25,80440800,23826000,39846400
2022-01-18 00:00:00+00:00,167.24716186523438,135.95660400390625,295.58966064453125,169.8000030517578,136.29049682617188,302.6499938964844,172.5399932861328,137.39149475097656,309.79998779296875,169.41000366210938,135.61700439453125,301.739990234375,171.50999450683594,136.60000610351562,304.07000732421875,90956700,27382000,42333200
2022-01-19 00:00:00+00:00,163.73086547851562,135.31967163085938,296.2538146972656,166.22999572753906,135.65199279785156,303.3299865722656,171.0800018310547,138.39950561523438,313.9100036621094,165.94000244140625,135.5,302.70001220703125,170.0,136.93850708007812,306.2900085449219,94815000,20796000,45933900
2022-01-20 00:00:00+00:00,162.03671264648438,133.179443359375,294.5641784667969,164.50999450683594,133.50650024414062,301.6000061035156,169.67999267578125,137.91200256347656,311.6499938964844,164.17999267578125,133.14450073242188,301.1400146484375,166.97999572753906,136.51400756835938,309.07000732421875,91420500,21930000,35380700
2022-01-21 00:00:00+00:00,159.9683074951172,129.77330017089844,289.12408447265625,162.41000366210938,130.0919952392578,296.0299987792969,166.3300018310547,134.760498046875,304.1099853515625,162.3000030517578,130.00100708007812,295.6099853515625,164.4199981689453,133.01199340820312,302.69000244140625,122848900,41920000,57984400
2022-01-24 00:00:00+00:00,159.19015502929688,130.05259704589844,289.45611572265625,161.6199951171875,130.3719940185547,296.3699951171875,162.3000030517578,130.77850341796875,297.1099853515625,154.6999969482422,124.64195251464844,276.04998779296875,160.02000427246094,126.02749633789062,292.20001220703125,162294600,55148000,85731500
2022-01-25 00:00:00+00:00,157.37782287597656,126.42501831054688,281.75994873046875,159.77999877929688,126.7354965209961,288.489990234375,162.75999450683594,129.3385009765625,294.989990234375,157.02000427246094,126.37799835205078,285.1700134277344,158.97999572753906,128.4355010986328,291.5199890136719,115798400,36008000,72848600
2022-01-26 00:00:00+00:00,157.2891845703125,128.92340087890625,289.7882385253906,159.69000244140625,129.24000549316406,296.7099914550781,164.38999938964844,132.8074951171875,308.5,157.82000732421875,127.15350341796875,293.0299987792969,163.5,130.59249877929688,307.989990234375,108275300,39630000,90428900
2022-01-27 00:00:00+00:00,156.8262481689453,128.80467224121094,292.8451843261719,159.22000122070312,129.12100219726562,299.8399963378906,163.83999633789062,132.60995483398438,307.29998779296875,158.27999877929688,128.94500732421875,297.92999267578125,162.4499969482422,131.36099243164062,302.6600036621094,121954600,30248000,53481300
2022-01-28 00:00:00+00:00,167.76922607421875,132.9629669189453,301.0688171386719,170.3300018310547,133.2895050048828,308.260009765625,170.35000610351562,133.37049865722656,308.4800109863281,162.8000030517578,128.6945037841797,294.45001220703125,165.7100067138672,130.0,300.2300109863281,179935700,30518000,49743700
2022-01-31 00:00:00+00:00,172.15232849121094,135.36607360839844,303.7253112792969,174.77999877929688,135.69850158691406,310.9800109863281,175.0,135.843505859375,312.3800048828125,169.50999450683594,132.2740020751953,306.3699951171875,170.16000366210938,134.197998046875,308.95001220703125,115541600,34056000,46444500
2022-02-01 00:00:00+00:00,171.98487854003906,137.54071044921875,301.55718994140625,174.61000061035156,137.8784942626953,308.760009765625,174.83999633789062,138.1999969482422,310.6300048828125,172.30999755859375,134.56825256347656,305.1300048828125,174.00999450683594,137.8350067138672,310.4100036621094,86213900,51204000,40950400
2022-02-02 00:00:00+00:00,173.19635009765625,147.673828125,306.1474914550781,175.83999633789062,148.0364990234375,313.4599914550781,175.8800048828125,152.10000610351562,315.1199951171875,173.3300018310547,145.5574951171875,308.8800048828125,174.75,151.86349487304688,309.6300048828125,84914300,89750000,36636000
2022-02-03 00:00:00+00:00,170.30056762695312,142.30104064941406,294.22235107421875,172.89999389648438,142.65049743652344,301.25,176.24000549316406,149.11770629882812,311.2300109863281,172.1199951171875,142.2050018310547,299.9599914550781,174.47999572753906,145.2949981689453,309.489990234375,89418100,56930000,43730000
2022-02-04 00:00:00+00:00,170.01458740234375,142.66563415527344,298.8028869628906,172.38999938964844,143.01600646972656,305.94000244140625,174.10000610351562,144.53524780273438,308.79998779296875,170.67999267578125,139.8175048828125,299.9700012207031,171.67999267578125,143.01699829101562,300.2099914550781,82465400,49224000,35096500
2022-02-07 00:00:00+00:00,169.2946319580078,138.59762573242188,293.9293518066406,171.66000366210938,138.93800354003906,300.95001220703125,173.9499969482422,143.84649658203125,307.8399963378906,170.9499969482422,138.69900512695312,299.8999938964844,172.86000061035156,143.70899963378906,306.1700134277344,77251200,44610000,28533300
2022-02-08 00:00:00+00:00,172.4209442138672,138.87196350097656,297.455078125,174.8300018310547,139.21299743652344,304.55999755859375,175.35000610351562,139.83709716796875,305.55999755859375,171.42999267578125,136.8730010986328,299.95001220703125,171.72999572753906,138.9912567138672,301.25,74829200,34256000,32421200
2022-02-09 00:00:00+00:00,173.85098266601562,141.10647583007812,303.95001220703125,176.27999877929688,141.4530029296875,311.2099914550781,176.64999389648438,142.17550659179688,311.92999267578125,174.89999389648438,140.3769989013672,307.3900146484375,176.0500030517578,140.84974670410156,309.8699951171875,71285000,28628000,31284700
2022-02-10 00:00:00+00:00,169.74827575683594,138.262939453125,295.3259582519531,172.1199951171875,138.6024932861328,302.3800048828125,175.47999572753906,141.43099975585938,309.1199951171875,171.5500030517578,138.0500030517578,300.70001220703125,174.13999938964844,139.5,304.0400085449219,90865900,33018000,45386200
2022-02-11 00:00:00+00:00,166.3162384033203,133.80140686035156,288.1572265625,168.63999938964844,134.1300048828125,295.0400085449219,173.0800018310547,139.2832489013672,304.2900085449219,168.0399932861328,133.2884979248047,294.2200012207031,172.3300018310547,138.75,303.19000244140625,98670700,38808000,39175600
2022-02-14 00:00:00+00:00,166.5529327392578,134.96853637695312,288.11810302734375,168.8800048828125,135.3000030517578,295.0,169.5800018310547,136.16650390625,296.760009765625,166.55999755859375,133.302001953125,291.3500061035156,167.3699951171875,133.36549377441406,293.7699890136719,86185500,26792000,36359500
2022-02-15 00:00:00+00:00,170.40902709960938,136.09127807617188,293.4604797363281,172.7899932861328,136.42550659179688,300.4700012207031,172.9499969482422,137.89999389648438,300.79998779296875,170.25,135.5395050048828,297.0199890136719,170.97000122070312,137.47149658203125,300.010009765625,62527400,26578000,27058300
2022-02-16 00:00:00+00:00,170.17236328125,137.1506805419922,293.1180419921875,172.5500030517578,137.4875030517578,299.5,173.33999633789062,137.9459991455078,300.8699951171875,170.0500030517578,134.8236541748047,293.67999267578125,171.85000610351562,136.4304962158203,298.3699951171875,61177400,25610000,29982100
2022-02-17 00:00:00+00:00,166.5529327392578,131.984375,284.5348815917969,168.8800048828125,132.30850219726562,290.7300109863281,171.91000366210938,136.83949279785156,296.79998779296875,168.47000122070312,132.20199584960938,290.0,171.02999877929688,136.14999389648438,296.3599853515625,69589300,30968000,32461600
2022-02-18 00:00:00+00:00,164.99472045898438,130.1478729248047,281.7945251464844,167.3000030517578,130.46749877929688,287.92999267578125,170.5399932861328,133.82400512695312,293.8599853515625,166.19000244140625,130.3070526123047,286.30999755859375,169.82000732421875,133.03750610351562,293.04998779296875,82772700,31858000,34264000
2022-02-22 00:00:00+00:00,162.0557861328125,129.0854949951172,281.5890197753906,164.32000732421875,129.40249633789062,287.7200012207031,166.69000244140625,131.9007568359375,291.5400085449219,162.14999389648438,127.74099731445312,284.5,164.97999572753906,129.98500061035156,285.0,91162800,38906000,41736100
2022-02-23 00:00:00+00:00,157.86431884765625,127.2724380493164,274.2977600097656,160.07000732421875,127.58499908447266,280.2699890136719,166.14999389648438,131.74899291992188,291.70001220703125,159.75,127.50350189208984,280.1000061035156,165.5399932861328,131.07850646972656,290.17999267578125,90009200,26432000,37811200
2022-02-24 00:00:00+00:00,160.49754333496094,132.3484649658203,288.3126220703125,162.74000549316406,132.67349243164062,294.5899963378906,162.85000610351562,133.03700256347656,295.1600036621094,152.0,124.7645034790039,271.5199890136719,152.5800018310547,125.0,272.510009765625,141147500,43166000,56989700
2022-02-25 00:00:00+00:00,162.57847595214844,134.18994140625,290.9746398925781,164.85000610351562,134.51950073242188,297.30999755859375,165.1199951171875,135.38900756835938,297.6300048828125,160.8699951171875,131.76499938964844,291.6499938964844,163.83999633789062,133.52549743652344,295.1400146484375,91974200,26236000,32546700
2022-02-28 00:00:00+00:00,162.8447723388672,134.56056213378906,292.4231262207031,165.1199951171875,134.89100646972656,298.7900085449219,165.4199981689453,135.6405029296875,299.1400146484375,162.42999267578125,132.82525634765625,293.0,163.05999755859375,133.2845001220703,294.30999755859375,95056600,29676000,34627500
2022-03-01 00:00:00+00:00,160.95118713378906,133.83932495117188,288.66497802734375,163.1999969482422,134.16799926757812,294.95001220703125,166.60000610351562,136.11099243164062,299.9700012207031,161.97000122070312,133.3784942626953,292.1499938964844,164.6999969482422,134.47999572753906,296.3999938964844,83474400,24640000,31217800
2022-03-02 00:00:00+00:00,164.26492309570312,134.42138671875,293.7932434082031,166.55999755859375,134.75149536132812,300.19000244140625,167.36000061035156,135.61549377441406,301.4700012207031,162.9499969482422,133.4324951171875,293.70001220703125,164.38999938964844,134.60824584960938,295.3599853515625,79724800,23966000,31873000
2022-03-03 00:00:00+00:00,163.93946838378906,133.97897338867188,289.61431884765625,166.22999572753906,134.30799865722656,295.9200134277344,168.91000366210938,136.71380615234375,303.1300048828125,165.5500030517578,133.43099975585938,294.04998779296875,168.47000122070312,135.97850036621094,302.8900146484375,76678400,19780000,27314500
2022-03-04 00:00:00+00:00,160.92161560058594,131.79832458496094,283.68341064453125,163.1699981689453,132.1219940185547,289.8599853515625,165.5500030517578,134.19900512695312,295.6600036621094,162.10000610351562,130.4084930419922,287.1700134277344,164.49000549316406,133.38250732421875,294.2900085449219,83737200,24446000,32356500
2022-03-07 00:00:00+00:00,157.10494995117188,126.1546859741211,272.9667053222656,159.3000030517578,126.4645004272461,278.9100036621094,165.02000427246094,131.9040069580078,289.69000244140625,159.0399932861328,126.41000366210938,278.5299987792969,163.36000061035156,131.9040069580078,288.5299987792969,96418800,39178000,43157200
2022-03-08 00:00:00+00:00,155.2705841064453,126.96669006347656,269.9719543457031,157.44000244140625,127.27850341796875,275.8500061035156,162.8800048828125,131.2465057373047,283.9599914550781,155.8000030517578,125.86074829101562,270.0,158.82000732421875,126.25050354003906,277.79998779296875,131148300,35250000,48159500
2022-03-09 00:00:00+00:00,160.7046356201172,133.53805541992188,282.3523864746094,162.9499969482422,133.86599731445312,288.5,163.41000366210938,134.19850158691406,289.6000061035156,159.41000366210938,130.08799743652344,280.7799987792969,161.47999572753906,131.39999389648438,283.44000244140625,91454900,32258000,35204500
2022-03-10 00:00:00+00:00,156.335693359375,132.35696411132812,279.5044250488281,158.52000427246094,132.6820068359375,285.5899963378906,160.38999938964844,133.5384979248047,286.6000061035156,155.97999572753906,131.4010009765625,280.5799865722656,160.1999969482422,131.46249389648438,283.0199890136719,105342000,24266000,30628000
2022-03-11 00:00:00+00:00,152.59791564941406,130.15585327148438,274.10205078125,154.72999572753906,130.47549438476562,280.07000732421875,159.27999877929688,134.1999969482422,289.510009765625,154.5,130.29649353027344,279.42999267578125,158.92999267578125,133.99949645996094,287.9599914550781,96970100,26600000,27209300
2022-03-14 00:00:00+00:00,148.54454040527344,126.43051147460938,270.54937744140625,150.6199951171875,126.74099731445312,276.44000244140625,154.1199951171875,131.0260009765625,285.3999938964844,150.10000610351562,126.41300201416016,275.82000732421875,151.4499969482422,130.572998046875,280.3399963378906,108732100,30254000,30660700
2022-03-15 00:00:00+00:00,152.95294189453125,129.34286499023438,281.03118896484375,155.08999633789062,129.66050720214844,287.1499938964844,155.57000732421875,130.51724243164062,287.82000732421875,150.3800048828125,126.56800079345703,278.7300109863281,150.89999389648438,127.74150085449219,280.3500061035156,92964300,30292000,34245100
2022-03-16 00:00:00+00:00,157.3909454345703,133.3629913330078,288.11688232421875,159.58999633789062,133.6905059814453,294.3900146484375,160.0,133.77099609375,294.57000732421875,154.4600067138672,129.2010040283203,283.20001220703125,157.0500030517578,131.0,289.1099853515625,102300200,32058000,37826300
2022-03-17 00:00:00+00:00,158.40676879882812,134.270751953125,288.92919921875,160.6199951171875,134.60049438476562,295.2200012207031,161.0,134.739501953125,295.6099853515625,157.6300048828125,132.718994140625,289.3699951171875,158.61000061035156,133.3209991455078,293.2900085449219,75615400,23994000,30816600
2022-03-18 00:00:00+00:00,161.72047424316406,136.4663543701172,294.0281677246094,163.97999572753906,136.80149841308594,300.42999267578125,164.47999572753906,136.9134979248047,301.0,159.75999450683594,132.9320068359375,292.7300109863281,160.50999450683594,133.88400268554688,295.3699951171875,123511700,45900000,43390600
2022-03-21 00:00:00+00:00,163.1011505126953,136.14414978027344,292.7852783203125,165.3800048828125,136.47850036621094,299.1600036621094,166.35000610351562,137.58250427246094,300.1400146484375,163.00999450683594,134.6114959716797,294.8999938964844,163.50999450683594,136.84750366210938,298.8900146484375,95811400,26632000,28351200
2022-03-22 00:00:00+00:00,166.4937744140625,139.933837890625,297.5808410644531,168.82000732421875,140.27749633789062,304.05999755859375,169.4199981689453,141.5,305.0,164.91000366210938,136.5,298.7699890136719,165.50999450683594,136.5,299.79998779296875,81532000,29776000,27599700
2022-03-23 00:00:00+00:00,167.8646240234375,138.16419982910156,293.1081848144531,170.2100067138672,138.5034942626953,299.489990234375,172.63999938964844,140.02499389648438,303.2300109863281,167.64999389648438,138.16650390625,297.7200012207031,167.99000549316406,139.1385040283203,300.510009765625,98062700,25302000,25715400
2022-03-24 00:00:00+00:00,171.6714324951172,140.96580505371094,297.61993408203125,174.07000732421875,141.31199645996094,304.1000061035156,174.13999938964844,141.39649963378906,304.20001220703125,170.2100067138672,138.03939819335938,298.32000732421875,171.05999755859375,139.2725067138672,299.1400146484375,90131400,20544000,24484500
2022-03-25 00:00:00+00:00,172.3124542236328,141.1748046875,297.20892333984375,174.72000122070312,141.52149963378906,303.67999267578125,175.27999877929688,141.95950317382812,305.5,172.75,139.69949340820312,299.2900085449219,173.8800048828125,141.75399780273438,305.2300109863281,80546200,19270000,22566500
2022-03-28 00:00:00+00:00,173.18035888671875,141.6022491455078,304.0793151855469,175.60000610351562,141.9499969482422,310.70001220703125,175.72999572753906,141.97650146484375,310.79998779296875,172.0,139.82815551757812,304.3299865722656,172.1699981689453,140.6844940185547,304.3299865722656,90371900,23774000,29578200
2022-03-29 00:00:00+00:00,176.49404907226562,142.89906311035156,308.68896484375,178.9600067138672,143.25,315.4100036621094,179.00999450683594,144.16250610351562,315.82000732421875,176.33999633789062,142.48399353027344,309.04998779296875,176.69000244140625,143.16050720214844,313.9100036621094,100589400,28678000,30393400
2022-03-30 00:00:00+00:00,175.3204803466797,142.2950439453125,307.1719970703125,177.77000427246094,142.64450073242188,313.8599853515625,179.61000061035156,143.48049926757812,315.95001220703125,176.6999969482422,142.16799926757812,311.5799865722656,178.5500030517578,142.8699951171875,313.760009765625,92633200,21046000,28163600
2022-03-31 00:00:00+00:00,172.2039794921875,139.30738830566406,301.7402038574219,174.61000061035156,139.64950561523438,308.30999755859375,178.02999877929688,142.64450073242188,315.1400146484375,174.39999389648438,139.61900329589844,307.8900146484375,177.83999633789062,142.44850158691406,313.8999938964844,103049300,29516000,33422100
2022-04-01 00:00:00+00:00,171.90811157226562,140.35531616210938,302.8266296386719,174.30999755859375,140.6999969482422,309.4200134277344,174.8800048828125,140.9499969482422,310.1300048828125,171.94000244140625,138.7969970703125,305.5400085449219,174.02999877929688,140.00999450683594,309.3699951171875,78751300,23480000,27110500
2022-04-04 00:00:00+00:00,175.98121643066406,143.2906036376953,308.2583312988281,178.44000244140625,143.6425018310547,314.9700012207031,178.49000549316406,144.0437469482422,315.1099853515625,174.44000244140625,140.82449340820312,309.7099914550781,174.57000732421875,140.82449340820312,310.0899963378906,76468400,19076000,24289600
2022-04-05 00:00:00+00:00,172.64776611328125,140.71742248535156,304.2554931640625,175.05999755859375,141.06300354003906,310.8800048828125,178.3000030517578,143.58999633789062,314.8699951171875,174.4199981689453,140.94349670410156,309.8699951171875,177.5,143.39950561523438,313.2699890136719,73401800,19256000,23156700
2022-04-06 00:00:00+00:00,169.4622802734375,136.83993530273438,293.1180419921875,171.8300018310547,137.17599487304688,299.5,173.6300048828125,139.84849548339844,307.0,170.1300048828125,136.41810607910156,296.7099914550781,172.36000061035156,139.1614990234375,305.19000244140625,89058800,23574000,40110400
2022-04-07 00:00:00+00:00,169.7680206298828,136.13067626953125,294.9481201171875,172.13999938964844,136.46499633789062,301.3699951171875,173.36000061035156,137.70150756835938,303.6499938964844,169.85000610351562,134.8572540283203,296.3500061035156,171.16000366210938,136.6179962158203,296.6600036621094,77594700,19448000,31411200
2022-04-08 00:00:00+00:00,167.7462921142578,133.68218994140625,290.6418762207031,170.08999633789062,134.010498046875,296.9700012207031,171.77999877929688,136.25,301.1199951171875,169.1999969482422,133.75250244140625,296.2799987792969,171.77999877929688,136.25,300.44000244140625,76575500,16434000,24361900
2022-04-11 00:00:00+00:00,163.466064453125,129.478515625,279.1814880371094,165.75,129.79649353027344,285.260009765625,169.02999877929688,132.93919372558594,292.6099853515625,165.5,129.61749267578125,285.0,168.7100067138672,132.89999389648438,291.7900085449219,72246700,24188000,34569300
2022-04-12 00:00:00+00:00,165.34976196289062,128.05999755859375,276.0495910644531,167.66000366210938,128.37449645996094,282.05999755859375,169.8699951171875,132.42349243164062,290.739990234375,166.63999938964844,127.57599639892578,280.489990234375,168.02000427246094,132.42349243164062,289.239990234375,79265200,23004000,30966700
2022-04-13 00:00:00+00:00,168.05198669433594,129.96682739257812,281.4910888671875,170.39999389648438,130.28599548339844,287.6199951171875,171.0399932861328,130.65574645996094,288.5799865722656,166.77000427246094,128.4385986328125,281.29998779296875,167.38999938964844,128.62649536132812,282.7300109863281,70618900,19542000,21907200
2022-04-14 00:00:00+00:00,163.01243591308594,126.94125366210938,273.86712646484375,165.2899932861328,127.25299835205078,279.8299865722656,171.27000427246094,130.7102508544922,288.30999755859375,165.0399932861328,127.11150360107422,279.32000732421875,170.6199951171875,130.64950561523438,288.0899963378906,75329400,23484000,28221600
2022-04-18 00:00:00+00:00,162.7954559326172,127.64752197265625,274.54241943359375,165.07000732421875,127.96099853515625,280.5199890136719,166.60000610351562,128.71200561523438,282.4599914550781,163.57000732421875,126.57845306396484,278.3399963378906,163.9199981689453,127.41000366210938,278.9100036621094,69023900,14918000,20778000
2022-04-19 00:00:00+00:00,165.09332275390625,130.2112274169922,279.2206115722656,167.39999389648438,130.531005859375,285.29998779296875,167.82000732421875,130.90374755859375,286.1700134277344,163.91000366210938,127.45149993896484,278.4100036621094,165.02000427246094,128.07699584960938,279.3800048828125,67723800,22720000,22297700
2022-04-20 00:00:00+00:00,164.92567443847656,127.93132781982422,280.25799560546875,167.22999572753906,128.24549865722656,286.3599853515625,168.8800048828125,131.92349243164062,289.70001220703125,166.10000610351562,127.89405059814453,285.3699951171875,168.75999450683594,131.28399658203125,289.3999938964844,67929800,22610000,22906700
2022-04-21 00:00:00+00:00,164.1268310546875,124.63142395019531,274.8262634277344,166.4199981689453,124.9375,280.80999755859375,171.52999877929688,130.3074951171875,293.29998779296875,165.91000366210938,124.6500015258789,280.05999755859375,168.91000366210938,129.35000610351562,288.5799865722656,87227800,30158000,29454600
2022-04-22 00:00:00+00:00,159.5606231689453,119.32096099853516,268.190673828125,161.7899932861328,119.61399841308594,274.0299987792969,167.8699951171875,125.4520034790039,283.20001220703125,161.5,119.1405029296875,273.3800048828125,166.4600067138672,125.0,281.67999267578125,84882400,46410000,29405800
2022-04-25 00:00:00+00:00,160.63560485839844,122.94806671142578,274.7381286621094,162.8800048828125,123.25,280.7200012207031,163.1699981689453,123.27799987792969,281.1099853515625,158.4600067138672,118.76924896240234,270.7699890136719,161.1199951171875,119.42949676513672,273.2900085449219,96046400,34522000,35678900
2022-04-26 00:00:00+00:00,154.63938903808594,119.21322631835938,264.46197509765625,156.8000030517578,119.50599670410156,270.2200012207031,162.33999633789062,122.75,278.3599853515625,156.72000122070312,119.16184997558594,270.0,162.25,122.75,277.5,95623200,49394000,46518400
2022-04-27 00:00:00+00:00,154.41256713867188,114.73872375488281,277.1849365234375,156.57000732421875,115.02050018310547,283.2200012207031,159.7899932861328,117.5,290.9700012207031,155.3800048828125,113.12425231933594,279.1600036621094,155.91000366210938,114.37300109863281,282.1000061035156,88063200,62238000,63477700
2022-04-28 00:00:00+00:00,161.38516235351562,119.11896514892578,283.45831298828125,163.63999938964844,119.4114990234375,289.6300048828125,164.52000427246094,120.4384994506836,290.9800109863281,158.92999267578125,115.1438980102539,281.4599914550781,159.25,117.11499786376953,285.19000244140625,130216800,36790000,33646600
2022-04-29 00:00:00+00:00,155.47764587402344,114.68485260009766,271.6063537597656,157.64999389648438,114.96649932861328,277.5199890136719,166.1999969482422,118.95999908447266,289.8800048828125,157.25,114.69400024414062,276.5,161.83999633789062,117.5780029296875,288.6099853515625,131747600,33694000,37073900
2022-05-02 00:00:00+00:00,155.78341674804688,116.86997985839844,278.408203125,157.9600067138672,117.15699768066406,284.4700012207031,158.22999572753906,117.3395004272461,284.94000244140625,153.27000427246094,113.39949798583984,276.2200012207031,156.7100067138672,113.90650177001953,277.7099914550781,123055300,30280000,35151100
2022-05-03 00:00:00+00:00,157.28244018554688,117.8401107788086,275.7756042480469,159.47999572753906,118.12950134277344,281.7799987792969,160.7100067138672,119.30000305175781,284.1300048828125,156.32000732421875,116.62699890136719,280.1499938964844,158.14999389648438,116.76499938964844,283.9599914550781,88966500,21216000,25978600
2022-05-04 00:00:00+00:00,163.73236083984375,122.27471160888672,283.8008117675781,166.02000427246094,122.57499694824219,289.9800109863281,166.47999572753906,123.14299774169922,290.8800048828125,159.25999450683594,115.7385025024414,276.7300109863281,159.6699981689453,118.00350189208984,282.5899963378906,108256500,33232000,33599300
2022-05-05 00:00:00+00:00,154.6098175048828,116.46049499511719,271.4400329589844,156.77000427246094,116.74649810791016,277.3500061035156,164.0800018310547,121.2332534790039,286.3500061035156,154.9499969482422,115.18250274658203,274.3399963378906,163.85000610351562,120.22049713134766,285.5400085449219,130525300,43090000,43260400
2022-05-06 00:00:00+00:00,155.34068298339844,115.37665557861328,268.87579345703125,157.27999877929688,115.66000366210938,274.7300109863281,159.44000244140625,117.49849700927734,279.25,154.17999267578125,114.14299774169922,271.2699890136719,156.00999450683594,115.51899719238281,274.80999755859375,116124600,35310000,37780300
2022-05-09 00:00:00+00:00,150.18502807617188,112.80696105957031,258.94207763671875,152.05999755859375,113.08399963378906,264.5799865722656,155.8300018310547,115.56289672851562,272.3599853515625,151.49000549316406,112.55149841308594,263.32000732421875,154.92999267578125,113.30349731445312,270.05999755859375,131577900,34520000,47726000
2022-05-10 00:00:00+00:00,152.60484313964844,114.30379486083984,263.75726318359375,154.50999450683594,114.58450317382812,269.5,156.74000549316406,116.69100189208984,273.75,152.92999267578125,113.38330078125,265.07000732421875,155.52000427246094,116.04049682617188,271.69000244140625,115366700,31158000,39336400
2022-05-11 00:00:00+00:00,144.69358825683594,113.68181610107422,254.99795532226562,146.5,113.96099853515625,260.54998779296875,155.4499969482422,116.6709976196289,271.3599853515625,145.80999755859375,113.6500015258789,259.29998779296875,153.5,113.71050262451172,265.67999267578125,142689800,36502000,48975900
2022-05-12 00:00:00+00:00,140.80218505859375,112.88378143310547,249.90878295898438,142.55999755859375,113.16100311279297,255.35000610351562,146.1999969482422,114.85649871826172,259.8800048828125,138.8000030517578,110.1135025024414,250.02000427246094,142.77000427246094,111.93800354003906,257.69000244140625,182602000,41464000,51033800
2022-05-13 00:00:00+00:00,145.29608154296875,116.23006439208984,255.55580139160156,147.11000061035156,116.5155029296875,261.1199951171875,148.10000610351562,118.08499908447266,263.0400085449219,143.11000061035156,114.0,255.35000610351562,144.58999633789062,114.84549713134766,257.3500061035156,113990900,29738000,34925100
2022-05-16 00:00:00+00:00,143.74542236328125,114.51128387451172,255.92774963378906,145.5399932861328,114.7925033569336,261.5,147.52000427246094,116.60749816894531,265.82000732421875,144.17999267578125,114.33499908447266,255.77999877929688,145.5500030517578,115.38400268554688,259.9599914550781,86643800,23282000,32550900
2022-05-17 00:00:00+00:00,147.39981079101562,116.41560363769531,261.1343688964844,149.24000549316406,116.70149993896484,266.82000732421875,149.77000427246094,117.22750091552734,268.3299865722656,146.67999267578125,115.3375015258789,262.4599914550781,148.86000061035156,117.22750091552734,266.1099853515625,78336300,21576000,28828800
2022-05-18 00:00:00+00:00,139.08363342285156,112.12564086914062,249.2449951171875,140.82000732421875,112.4010009765625,254.0800018310547,147.36000061035156,115.69564819335938,263.6000061035156,139.89999389648438,112.14199829101562,252.77000427246094,146.85000610351562,115.23750305175781,263.0,109742900,27982000,31356000
2022-05-19 00:00:00+00:00,135.65643310546875,110.47419738769531,248.32290649414062,137.35000610351562,110.74549865722656,253.13999938964844,141.66000366210938,113.5875015258789,257.6700134277344,136.60000610351562,110.46800231933594,251.8800048828125,139.8800048828125,111.84100341796875,253.89999389648438,136095600,29192000,32692300
2022-05-20 00:00:00+00:00,135.8934783935547,109.04520416259766,247.75393676757812,137.58999633789062,109.31300354003906,252.55999755859375,140.6999969482422,112.55000305175781,258.5400085449219,132.61000061035156,106.37300109863281,246.44000244140625,139.08999633789062,112.08550262451172,257.239990234375,137426100,37586000,39199300
2022-05-23 00:00:00+00:00,141.34539794921875,111.39292907714844,255.69000244140625,143.11000061035156,111.66649627685547,260.6499938964844,143.25999450683594,112.00550079345703,261.5,137.64999389648438,109.15425109863281,253.42999267578125,137.7899932861328,110.10399627685547,255.49000549316406,117726300,31558000,33175400
2022-05-24 00:00:00+00:00,138.62930297851562,105.66650390625,254.67955017089844,140.36000061035156,105.9260025024414,259.6199951171875,141.97000122070312,106.3949966430664,261.3299865722656,137.3300018310547,102.20800018310547,253.5,140.80999755859375,106.37750244140625,257.8900146484375,104132700,60386000,29043900
2022-05-25 00:00:00+00:00,138.787353515625,105.58021545410156,257.5243835449219,140.52000427246094,105.8395004272461,262.5199890136719,141.7899932861328,106.5447006225586,264.5799865722656,138.33999633789062,104.21125030517578,257.1300048828125,138.42999267578125,105.14199829101562,258.1400146484375,92482700,37900000,28547900
2022-05-26 00:00:00+00:00,142.00717163085938,108.03069305419922,260.8400573730469,143.77999877929688,108.2959976196289,265.8999938964844,144.33999633789062,108.95525360107422,267.1099853515625,137.13999938964844,105.48799896240234,261.42999267578125,137.38999938964844,106.05049896240234,262.2699890136719,90601500,30288000,25002100
2022-05-27 00:00:00+00:00,147.7948760986328,112.52266693115234,268.0404052734375,149.63999938964844,112.79900360107422,273.239990234375,149.67999267578125,112.86799621582031,273.3399963378906,145.25999450683594,109.55000305175781,267.55999755859375,145.38999938964844,109.78849792480469,268.4800109863281,90978500,29924000,26910800
2022-05-31 00:00:00+00:00,147.00474548339844,113.75962829589844,266.69647216796875,148.83999633789062,114.03900146484375,271.8699951171875,150.66000366210938,116.43350219726562,274.7699890136719,146.83999633789062,112.57250213623047,268.92999267578125,149.07000732421875,113.0790023803711,272.5299987792969,103718400,51302000,37827700
2022-06-01 00:00:00+00:00,146.87635803222656,113.85738372802734,267.2359924316406,148.7100067138672,114.13700103759766,272.4200134277344,151.74000549316406,117.39900207519531,277.69000244140625,147.67999267578125,113.55049896240234,270.0400085449219,149.89999389648438,114.93150329589844,275.20001220703125,74286600,28630000,25292200
2022-06-02 00:00:00+00:00,149.3455352783203,117.45755004882812,269.3548889160156,151.2100067138672,117.74600219726562,274.5799865722656,151.27000427246094,117.89800262451172,274.6499938964844,146.86000061035156,113.30799865722656,261.6000061035156,147.8300018310547,114.18800354003906,264.45001220703125,72348100,27472000,44008200
2022-06-03 00:00:00+00:00,143.58740234375,114.2833480834961,264.8816833496094,145.3800048828125,114.56400299072266,270.0199890136719,147.97000122070312,116.364501953125,273.45001220703125,144.4600067138672,113.66799926757812,268.4100036621094,146.89999389648438,115.99250030517578,270.30999755859375,88570300,25052000,28059000
2022-06-06 00:00:00+00:00,144.33804321289062,116.72384643554688,263.6358337402344,146.13999938964844,117.010498046875,268.75,148.57000732421875,119.39849853515625,274.17999267578125,144.89999389648438,116.5282974243164,267.2200012207031,147.02999877929688,116.74250030517578,272.05999755859375,71598400,23786000,22400300
2022-06-07 00:00:00+00:00,146.87635803222656,116.94231414794922,267.31451416015625,148.7100067138672,117.22949981689453,272.5,149.0,117.74864959716797,273.1300048828125,144.10000610351562,115.12550354003906,265.94000244140625,144.35000610351562,115.64800262451172,266.6400146484375,67808200,26414000,22860700
2022-06-08 00:00:00+00:00,146.13560485839844,116.9507827758789,265.2642822265625,147.9600067138672,117.23799896240234,270.4100036621094,149.8699951171875,118.64600372314453,273.0,147.4600067138672,116.69674682617188,269.6099853515625,148.5800018310547,116.87650299072266,271.7099914550781,53950200,22544000,17372300
2022-06-09 00:00:00+00:00,140.88119506835938,114.636474609375,259.751220703125,142.63999938964844,114.91799926757812,264.7900085449219,147.9499969482422,118.3499984741211,272.7099914550781,142.52999877929688,114.86699676513672,264.6300048828125,147.0800018310547,116.34149932861328,267.7799987792969,69473000,23142000,26439700
2022-06-10 00:00:00+00:00,135.43914794921875,111.1545181274414,248.1757354736328,137.1300048828125,111.42749786376953,252.99000549316406,140.75999450683594,113.49700164794922,260.5799865722656,137.05999755859375,110.86100006103516,252.52999877929688,140.27999877929688,112.78125,260.5799865722656,91437900,31324000,31422800
2022-06-13 00:00:00+00:00,130.2538604736328,106.61467742919922,237.64993286132812,131.8800048828125,106.87650299072266,242.25999450683594,135.1999969482422,109.21849822998047,249.02000427246094,131.44000244140625,106.58805084228516,241.52999877929688,132.8699951171875,107.44599914550781,245.11000061035156,122207100,36756000,46135800
2022-06-14 00:00:00+00:00,131.12301635742188,106.931396484375,239.83750915527344,132.75999450683594,107.19400024414062,244.49000549316406,133.88999938964844,108.4574966430664,245.74000549316406,131.47999572753906,106.35199737548828,241.50999450683594,133.1300048828125,106.88999938964844,243.86000061035156,84784300,25480000,28651500
2022-06-15 00:00:00+00:00,133.7600860595703,110.12007141113281,246.9691619873047,135.42999267578125,110.3905029296875,251.75999450683594,137.33999633789062,112.06300354003906,255.3000030517578,132.16000366210938,108.1187515258789,246.4199981689453,134.2899932861328,108.89949798583984,248.30999755859375,91533000,33192000,33111700
2022-06-16 00:00:00+00:00,128.45631408691406,106.37476348876953,240.30836486816406,130.05999755859375,106.63600158691406,244.97000122070312,132.38999938964844,109.29049682617188,247.4199981689453,129.0399932861328,105.7925033569336,243.02000427246094,132.0800018310547,108.14949798583984,245.97999572753906,108123900,35314000,33169200
2022-06-17 00:00:00+00:00,129.9378204345703,107.60125732421875,242.93736267089844,131.55999755859375,107.8655014038086,247.64999389648438,133.0800018310547,109.24949645996094,250.5,129.80999755859375,105.62854766845703,244.02999877929688,130.07000732421875,106.53500366210938,244.6999969482422,134520300,43516000,43084800
2022-06-21 00:00:00+00:00,134.19467163085938,111.74058532714844,248.91148376464844,135.8699951171875,112.01499938964844,253.74000549316406,137.05999755859375,112.6729965209961,254.75,133.32000732421875,109.29350280761719,249.50999450683594,133.4199981689453,109.7020034790039,250.25999450683594,81000500,39010000,29928300
2022-06-22 00:00:00+00:00,133.6811065673828,111.75953674316406,248.31309509277344,135.35000610351562,112.03399658203125,253.1300048828125,137.75999450683594,113.76950073242188,257.1700134277344,133.91000366210938,110.72429656982422,250.3699951171875,134.7899932861328,111.16300201416016,251.88999938964844,73409200,23922000,25939900
2022-06-23 00:00:00+00:00,136.56507873535156,112.408447265625,253.93405151367188,138.27000427246094,112.68450164794922,258.8599853515625,138.58999633789062,113.19650268554688,259.3699951171875,135.6300048828125,111.02899932861328,253.6300048828125,136.82000732421875,112.94999694824219,255.57000732421875,72433800,24710000,25861400
2022-06-24 00:00:00+00:00,139.91326904296875,118.24761199951172,262.6058349609375,141.66000366210938,118.53800201416016,267.70001220703125,141.91000366210938,118.63749694824219,267.9800109863281,139.77000427246094,113.60299682617188,261.7200012207031,139.89999389648438,113.60299682617188,261.80999755859375,89116800,39122000,33923200
2022-06-27 00:00:00+00:00,139.91326904296875,116.3367919921875,259.8493347167969,141.66000366210938,116.62249755859375,264.8900146484375,143.49000549316406,119.25,268.29998779296875,140.97000122070312,116.00074768066406,263.2799987792969,142.6999969482422,118.93499755859375,268.2099914550781,70207900,32840000,24615100
2022-06-28 00:00:00+00:00,135.7453155517578,112.29573059082031,251.59934997558594,137.44000244140625,112.57150268554688,256.4800109863281,143.4199981689453,117.85649871826172,266.9100036621094,137.32000732421875,112.44400024414062,256.32000732421875,142.1300048828125,116.35099792480469,263.9800109863281,67083400,28232000,27295500
2022-06-29 00:00:00+00:00,137.51324462890625,111.98149871826172,255.307373046875,139.22999572753906,112.25650024414062,260.260009765625,140.6699981689453,113.66449737548828,261.9700012207031,136.6699981689453,111.55400085449219,255.75999450683594,137.4600067138672,112.14849853515625,257.5899963378906,66242400,18628000,20069800
2022-06-30 00:00:00+00:00,135.0341796875,109.10455322265625,251.94265747070312,136.72000122070312,109.37249755859375,256.8299865722656,138.3699951171875,111.32980346679688,259.5299987792969,133.77000427246094,107.30999755859375,252.89999389648438,137.25,110.49949645996094,257.04998779296875,98964500,38046000,31730900
2022-07-01 00:00:00+00:00,137.2169647216797,108.81377410888672,254.64031982421875,138.92999267578125,109.08100128173828,259.5799865722656,139.0399932861328,109.80635070800781,259.7699890136719,135.66000366210938,107.1050033569336,254.61000061035156,136.0399932861328,108.33699798583984,256.3900146484375,71051600,31028000,22837700
2022-07-05 00:00:00+00:00,139.81451416015625,113.60800170898438,257.8481140136719,141.55999755859375,113.88700103759766,262.8500061035156,141.61000061035156,114.05259704589844,262.9800109863281,136.92999267578125,106.24949645996094,254.74000549316406,137.77000427246094,107.5145034790039,256.1600036621094,73353800,36398000,22941000
2022-07-06 00:00:00+00:00,141.15774536132812,114.9312515258789,261.1441345214844,142.9199981689453,115.2135009765625,266.2099914550781,144.1199951171875,116.35199737548828,267.989990234375,141.0800018310547,112.25050354003906,262.3999938964844,141.35000610351562,114.09200286865234,263.75,74064300,28852000,23824400
2022-07-07 00:00:00+00:00,144.54550170898438,119.01371765136719,263.2925109863281,146.35000610351562,119.30599975585938,268.3999938964844,146.5500030517578,119.86199951171875,269.05999755859375,143.27999877929688,115.53399658203125,265.0199890136719,143.2899932861328,116.00800323486328,265.1199951171875,66253700,32184000,20859900
2022-07-08 00:00:00+00:00,145.22695922851562,119.87411499023438,262.56658935546875,147.0399932861328,120.16850280761719,267.6600036621094,147.5500030517578,120.43499755859375,268.1000061035156,145.0,117.51399993896484,263.2900085449219,145.25999450683594,117.55000305175781,264.7900085449219,64547800,29082000,19658800
2022-07-11 00:00:00+00:00,143.0836944580078,116.23704528808594,259.4765930175781,144.8699951171875,116.52249908447266,264.510009765625,146.63999938964844,118.79450225830078,266.5299987792969,143.77999877929688,116.2344970703125,262.17999267578125,145.6699981689453,118.6500015258789,265.6499938964844,63141600,26718000,19455200
2022-07-12 00:00:00+00:00,144.06149291992188,114.5681381225586,248.84280395507812,145.86000061035156,114.84950256347656,253.6699981689453,148.4499969482422,117.84950256347656,265.94000244140625,145.0500030517578,114.61499786376953,252.0399932861328,145.75999450683594,116.8385009765625,265.8800048828125,77588800,24970000,35868500
2022-07-13 00:00:00+00:00,143.69606018066406,111.91216278076172,247.910888671875,145.49000549316406,112.18699645996094,252.72000122070312,146.4499969482422,115.15699768066406,253.5500030517578,142.1199951171875,111.822998046875,248.11000061035156,142.99000549316406,112.63899993896484,250.19000244140625,71185600,38958000,29497400
2022-07-14 00:00:00+00:00,146.63931274414062,111.1669921875,249.2449951171875,148.47000122070312,111.44000244140625,254.0800018310547,148.9499969482422,111.98750305175781,255.13999938964844,143.25,109.32550048828125,245.94000244140625,144.0800018310547,110.82599639892578,250.57000732421875,78140700,32366000,25102800
2022-07-15 00:00:00+00:00,148.31832885742188,112.49073791503906,251.83477783203125,150.1699981689453,112.76699829101562,256.7200012207031,150.86000061035156,114.00050354003906,260.3699951171875,148.1999969482422,111.82250213623047,254.77000427246094,149.77999877929688,112.96299743652344,255.72000122070312,76259900,34330000,29774100
2022-07-18 00:00:00+00:00,145.256591796875,109.6407470703125,249.41177368164062,147.07000732421875,109.91000366210938,254.25,151.57000732421875,114.80000305175781,260.8399963378906,146.6999969482422,109.30000305175781,253.3000030517578,150.74000549316406,113.44000244140625,259.75,81420900,33354000,20975000
2022-07-19 00:00:00+00:00,149.13812255859375,114.33920288085938,254.59129333496094,151.0,114.62000274658203,259.5299987792969,151.22999572753906,114.80999755859375,259.7200012207031,146.91000366210938,110.5,253.67999267578125,147.9199981689453,111.7300033569336,257.5799865722656,82982400,30992300,25012600
2022-07-20 00:00:00+00:00,151.1529541015625,114.41899871826172,257.2791442871094,153.0399932861328,114.69999694824219,262.2699890136719,153.72000122070312,116.33000183105469,264.8699951171875,150.3699951171875,113.26000213623047,258.9100036621094,151.1199951171875,114.05999755859375,259.8999938964844,64823400,26780100,22788300
2022-07-21 00:00:00+00:00,153.43446350097656,114.7581787109375,259.8002624511719,155.35000610351562,115.04000091552734,264.8399963378906,155.57000732421875,115.20999908447266,264.8900146484375,151.94000244140625,111.91000366210938,257.0299987792969,154.5,115.08999633789062,259.7900085449219,65086600,27267800,22404700
2022-07-22 00:00:00+00:00,152.19003295898438,108.09453582763672,255.40545654296875,154.08999633789062,108.36000061035156,260.3599853515625,156.27999877929688,113.18000030517578,265.3299865722656,153.41000366210938,107.5999984741211,259.07000732421875,155.38999938964844,111.80999755859375,265.239990234375,66675400,44455300,21881300
2022-07-25 00:00:00+00:00,151.06407165527344,107.94490051269531,253.90463256835938,152.9499969482422,108.20999908447266,258.8299865722656,155.0399932861328,110.58000183105469,261.5,152.27999877929688,107.01000213623047,256.80999755859375,154.00999450683594,108.87999725341797,261.0,53623900,28289900,21056000
2022-07-26 00:00:00+00:00,149.73072814941406,105.18169403076172,247.10647583007812,151.60000610351562,105.44000244140625,251.89999389648438,153.08999633789062,107.73999786376953,259.8800048828125,150.8000030517578,104.76000213623047,249.57000732421875,152.25999450683594,107.43000030517578,259.8599853515625,55138700,36626600,39348000
2022-07-27 00:00:00+00:00,154.85671997070312,113.32170104980469,263.6260070800781,156.7899932861328,113.5999984741211,268.739990234375,157.3300018310547,114.4000015258789,270.04998779296875,152.16000366210938,108.41999816894531,258.8500061035156,152.5800018310547,109.5999984741211,261.1600036621094,78620700,41474600,45994000
2022-07-28 00:00:00+00:00,155.4098358154297,114.30927276611328,271.15008544921875,157.35000610351562,114.58999633789062,276.4100036621094,157.63999938964844,114.69999694824219,277.8399963378906,154.41000366210938,111.85099792480469,267.8699951171875,156.97999572753906,112.80000305175781,269.75,81378700,23303800,33459300
2022-07-29 00:00:00+00:00,160.50619506835938,116.354248046875,275.397705078125,162.50999450683594,116.63999938964844,280.739990234375,163.6300048828125,116.9000015258789,282.0,159.5,113.2300033569336,276.6300048828125,161.24000549316406,113.4000015258789,277.70001220703125,101786900,31336200,32152800
2022-08-01 00:00:00+00:00,159.5185089111328,115.19709777832031,272.7196350097656,161.50999450683594,115.4800033569336,278.010009765625,163.58999633789062,117.12000274658203,281.2799987792969,160.88999938964844,114.69000244140625,275.8399963378906,161.00999450683594,115.52999877929688,277.82000732421875,67829400,22856200,21539600
2022-08-02 00:00:00+00:00,158.03700256347656,115.61607360839844,269.5903625488281,160.00999450683594,115.9000015258789,274.82000732421875,162.41000366210938,117.08000183105469,277.8900146484375,159.6300048828125,114.26000213623047,272.3800048828125,160.10000610351562,114.43000030517578,276.0,59907000,17911000,22754200
2022-08-03 00:00:00+00:00,164.08155822753906,118.489013671875,277.0947570800781,166.1300048828125,118.77999877929688,282.4700012207031,166.58999633789062,119.41999816894531,283.5,160.75,116.1500015258789,276.6099853515625,160.83999633789062,116.33999633789062,276.760009765625,82507500,25302800,23518900
2022-08-04 00:00:00+00:00,163.76551818847656,118.57878875732422,278.2522888183594,165.80999755859375,118.87000274658203,283.6499938964844,167.19000244140625,119.5,283.79998779296875,164.42999267578125,117.70999908447266,280.1700134277344,166.00999450683594,118.30000305175781,281.79998779296875,55474100,15757700,18098700
2022-08-05 00:00:00+00:00,163.53802490234375,117.93038177490234,277.5263977050781,165.35000610351562,118.22000122070312,282.9100036621094,165.85000610351562,118.86000061035156,283.6499938964844,163.0,116.70999908447266,278.67999267578125,163.2100067138672,116.93000030517578,279.1499938964844,56697000,15615700,16774600
2022-08-08 00:00:00+00:00,163.0632781982422,117.85057830810547,274.9856872558594,164.8699951171875,118.13999938964844,280.32000732421875,167.80999755859375,120.86000061035156,285.9200134277344,164.1999969482422,117.83000183105469,279.32000732421875,166.3699951171875,119.12000274658203,284.04998779296875,60276900,17061100,18739200
2022-08-09 00:00:00+00:00,163.1127471923828,117.21214294433594,276.927978515625,164.9199981689453,117.5,282.29998779296875,165.82000732421875,118.19999694824219,283.0799865722656,163.25,116.55999755859375,277.6099853515625,164.02000427246094,117.98999786376953,279.6400146484375,63135500,15424300,23405200
2022-08-10 00:00:00+00:00,167.38539123535156,120.35443115234375,283.6574401855469,169.24000549316406,120.6500015258789,289.1600036621094,169.33999633789062,121.77999877929688,289.80999755859375,166.89999389648438,119.36000061035156,286.94000244140625,167.67999267578125,119.58999633789062,288.1700134277344,70170500,20497000,24687800
2022-08-11 00:00:00+00:00,166.64364624023438,119.5264663696289,281.55816650390625,168.49000549316406,119.81999969482422,287.0199890136719,170.99000549316406,122.33999633789062,291.2099914550781,168.19000244140625,119.55000305175781,286.510009765625,170.05999755859375,122.08000183105469,290.8500061035156,57149200,16671600,20065900
2022-08-12 00:00:00+00:00,170.21408081054688,122.34953308105469,286.3551025390625,172.10000610351562,122.6500015258789,291.9100036621094,172.1699981689453,122.6500015258789,291.9100036621094,169.39999389648438,120.4000015258789,286.94000244140625,169.82000732421875,121.16000366210938,288.4800109863281,68039400,16121100,22619700
2022-08-15 00:00:00+00:00,171.2921142578125,122.57896423339844,287.8854064941406,173.19000244140625,122.87999725341797,293.4700012207031,173.38999938964844,123.26000213623047,294.17999267578125,171.35000610351562,121.56999969482422,290.1099853515625,171.52000427246094,122.20999908447266,291.0,54091700,15525000,18085700
2022-08-16 00:00:00+00:00,171.1338653564453,122.20987701416016,287.13983154296875,173.02999877929688,122.51000213623047,292.7099914550781,173.7100067138672,123.22799682617188,294.0400085449219,171.66000366210938,121.53500366210938,290.4200134277344,172.77999877929688,122.31999969482422,291.989990234375,56377100,15626200,18102900
2022-08-17 00:00:00+00:00,172.63719177246094,120.02523803710938,286.3829650878906,174.5500030517578,120.31999969482422,291.32000732421875,176.14999389648438,122.1500015258789,293.3500061035156,172.57000732421875,120.19999694824219,289.4700012207031,172.77000427246094,120.93000030517578,289.739990234375,79542000,17589200,18253400
2022-08-18 00:00:00+00:00,172.24160766601562,120.56391906738281,285.2524719238281,174.14999389648438,120.86000061035156,290.1700134277344,174.89999389648438,121.69000244140625,291.9100036621094,173.1199951171875,119.55000305175781,289.0799865722656,173.75,120.2300033569336,290.19000244140625,62290100,15652000,17186200
2022-08-19 00:00:00+00:00,169.6404266357422,117.83063507080078,281.3005676269531,171.52000427246094,118.12000274658203,286.1499938964844,173.74000549316406,120.0,289.25,171.30999755859375,117.66999816894531,285.55999755859375,173.02999877929688,119.87000274658203,288.8999938964844,70346300,20187000,20570000
2022-08-22 00:00:00+00:00,165.73370361328125,114.78810119628906,273.0428771972656,167.57000732421875,115.06999969482422,277.75,169.86000061035156,116.5,282.4599914550781,167.13999938964844,114.66999816894531,277.2200012207031,169.69000244140625,116.0999984741211,282.0799865722656,69026800,19316000,25061100
2022-08-23 00:00:00+00:00,165.3974151611328,114.48883056640625,271.755126953125,167.22999572753906,114.7699966430664,276.44000244140625,168.7100067138672,115.93000030517578,278.8599853515625,166.64999389648438,114.30000305175781,275.3999938964844,167.0800018310547,114.31999969482422,276.44000244140625,54147100,14390700,17527400
2022-08-24 00:00:00+00:00,165.6941375732422,114.41899871826172,271.1161193847656,167.52999877929688,114.69999694824219,275.7900085449219,168.11000061035156,115.71700286865234,277.2300109863281,166.25,113.77999877929688,275.1099853515625,167.32000732421875,114.44999694824219,275.4100036621094,53841500,16051200,18137000
2022-08-25 00:00:00+00:00,168.16673278808594,117.41165924072266,274.1242980957031,170.02999877929688,117.69999694824219,278.8500061035156,170.13999938964844,117.77999877929688,279.0199890136719,168.35000610351562,115.05000305175781,274.5199890136719,168.77999877929688,115.1500015258789,277.3299865722656,51218200,14874700,16583400
2022-08-26 00:00:00+00:00,161.82696533203125,111.02733612060547,263.546630859375,163.6199951171875,111.30000305175781,268.0899963378906,171.0500030517578,116.5999984741211,280.3399963378906,163.55999755859375,111.22000122070312,267.9800109863281,170.57000732421875,115.80999755859375,279.0799865722656,78961000,31698700,27549300
2022-08-29 00:00:00+00:00,159.61151123046875,110.06968688964844,260.7350769042969,161.3800048828125,110.33999633789062,265.2300109863281,162.89999389648438,111.95999908447266,267.3999938964844,159.82000732421875,109.80999755859375,263.8500061035156,161.14999389648438,110.77999877929688,265.8500061035156,73314000,20386100,20338500
2022-08-30 00:00:00+00:00,157.16860961914062,109.6407470703125,258.5133972167969,158.91000366210938,109.91000366210938,262.9700012207031,162.55999755859375,111.37000274658203,267.04998779296875,157.72000122070312,108.80000305175781,260.6600036621094,162.1300048828125,111.02999877929688,266.6700134277344,77906200,20548200,22767100
2022-08-31 00:00:00+00:00,155.49713134765625,108.88259887695312,257.038818359375,157.22000122070312,109.1500015258789,261.4700012207031,160.5800018310547,111.7699966430664,267.1099853515625,157.13999938964844,109.05000305175781,261.3299865722656,160.30999755859375,111.62999725341797,265.3900146484375,87991100,25898000,24791800
2022-09-01 00:00:00+00:00,156.22901916503906,110.27918243408203,255.98695373535156,157.9600067138672,110.55000305175781,260.3999938964844,158.4199981689453,111.22000122070312,260.8900146484375,154.6699981689453,108.19000244140625,255.41000366210938,156.63999938964844,109.19999694824219,258.8699951171875,74229900,22784400,23263400
2022-09-02 00:00:00+00:00,154.10256958007812,108.41374969482422,251.72047424316406,155.80999755859375,108.68000030517578,256.05999755859375,160.36000061035156,111.67500305175781,264.739990234375,154.97000122070312,108.12999725341797,254.47000122070312,159.75,111.33999633789062,261.70001220703125,76957800,20618100,22855400
2022-09-06 00:00:00+00:00,152.8365936279297,107.2166976928711,248.95809936523438,154.52999877929688,107.4800033569336,253.25,157.08999633789062,108.87999725341797,257.8299865722656,153.69000244140625,106.51000213623047,251.94000244140625,156.47000122070312,108.13500213623047,256.20001220703125,73714800,20565100,21328200
2022-09-07 00:00:00+00:00,154.2509307861328,110.2093505859375,253.71609497070312,155.9600067138672,110.4800033569336,258.0899963378906,156.6699981689453,110.98999786376953,258.8299865722656,153.61000061035156,107.61499786376953,253.22000122070312,154.82000732421875,107.76000213623047,254.6999969482422,87449600,22987200,24126700
2022-09-08 00:00:00+00:00,152.7673797607422,109.15193939208984,254.1387939453125,154.4600067138672,109.41999816894531,258.5199890136719,156.36000061035156,110.58000183105469,260.42999267578125,152.67999267578125,108.05999755859375,254.7899932861328,154.63999938964844,109.18000030517578,257.510009765625,84923800,21660700,20319900
2022-09-09 00:00:00+00:00,155.64547729492188,111.50616455078125,259.9781188964844,157.3699951171875,111.77999877929688,264.4599914550781,157.82000732421875,112.0,265.2300109863281,154.75,110.0,260.2900085449219,155.47000122070312,110.05000305175781,260.5,68028800,21732900,22084700
2022-09-12 00:00:00+00:00,161.63906860351562,111.59593963623047,262.1310119628906,163.42999267578125,111.87000274658203,266.6499938964844,164.25999450683594,112.63999938964844,267.45001220703125,159.3000030517578,110.93000030517578,265.1600036621094,159.58999633789062,111.98999786376953,265.7799987792969,104956000,19732900,18747700
2022-09-13 00:00:00+00:00,152.15414428710938,105.052001953125,247.71946716308594,153.83999633789062,105.30999755859375,251.99000549316406,160.5399932861328,109.37000274658203,260.3999938964844,153.3699951171875,105.0,251.58999633789062,159.89999389648438,108.88999938964844,258.8399963378906,122656600,33015000,33353300
2022-09-14 00:00:00+00:00,153.6080322265625,105.61064147949219,247.94558715820312,155.30999755859375,105.87000274658203,252.22000122070312,157.10000610351562,106.0999984741211,254.22999572753906,153.61000061035156,104.5,249.86000061035156,154.7899932861328,105.44000244140625,253.52999877929688,87965400,22115800,23913000
2022-09-15 00:00:00+00:00,150.70028686523438,103.64546966552734,241.22149658203125,152.3699951171875,103.9000015258789,245.3800048828125,155.24000549316406,106.20999908447266,251.39999389648438,151.3800048828125,103.30999755859375,244.02000427246094,154.64999389648438,105.01000213623047,249.77000427246094,90481100,26494900,31530900
2022-09-16 00:00:00+00:00,149.04856872558594,103.37612915039062,240.59237670898438,150.6999969482422,103.62999725341797,244.74000549316406,151.35000610351562,104.02999877929688,245.3000030517578,148.3699951171875,101.8550033569336,242.05999755859375,151.2100067138672,102.97000122070312,244.25999450683594,162278800,64540100,39791800
2022-09-19 00:00:00+00:00,152.78712463378906,103.59558868408203,240.37606811523438,154.47999572753906,103.8499984741211,244.52000427246094,154.55999755859375,104.0199966430664,245.13999938964844,149.10000610351562,102.37000274658203,240.85000610351562,149.30999755859375,102.54000091552734,242.47000122070312,81474200,19738600,26826900
2022-09-20 00:00:00+00:00,155.1806182861328,101.58053588867188,238.34115600585938,156.89999389648438,101.83000183105469,242.4499969482422,158.0800018310547,103.16999816894531,243.50999450683594,153.0800018310547,101.12000274658203,239.63999938964844,153.39999389648438,102.87999725341797,242.07000732421875,107689800,24001700,26660300
2022-09-21 00:00:00+00:00,152.03546142578125,99.76499938964844,234.9004669189453,153.72000122070312,100.01000213623047,238.9499969482422,158.74000549316406,103.48999786376953,247.66000366210938,153.60000610351562,99.98999786376953,238.89999389648438,157.33999633789062,102.23999786376953,244.27000427246094,101696800,26596800,28625600
2022-09-22 00:00:00+00:00,151.06622314453125,100.32362365722656,236.89605712890625,152.74000549316406,100.56999969482422,240.97999572753906,154.47000122070312,101.68000030517578,243.86000061035156,150.91000366210938,99.41000366210938,237.57000732421875,152.3800048828125,99.44999694824219,237.8699951171875,86652500,21272700,31061200
2022-09-23 00:00:00+00:00,148.78150939941406,98.92704772949219,233.88790893554688,150.42999267578125,99.16999816894531,237.9199981689453,151.47000122070312,100.11000061035156,241.1300048828125,148.55999755859375,98.01000213623047,235.1999969482422,151.19000244140625,100.05999755859375,239.5399932861328,96029900,25657000,34176000
2022-09-26 00:00:00+00:00,149.11778259277344,98.56793212890625,233.42587280273438,150.77000427246094,98.80999755859375,237.4499969482422,153.77000427246094,100.44000244140625,241.4499969482422,149.63999938964844,98.37999725341797,236.89999389648438,149.66000366210938,98.61000061035156,237.0500030517578,93339400,22437900,27694200
2022-09-27 00:00:00+00:00,150.09695434570312,97.84969329833984,232.4035186767578,151.75999450683594,98.08999633789062,236.41000366210938,154.72000122070312,100.45999908447266,241.8000030517578,149.9499969482422,97.33999633789062,234.5,152.74000549316406,99.91000366210938,239.97999572753906,84442700,24225000,27018700
2022-09-28 00:00:00+00:00,148.19798278808594,100.49320220947266,236.98455810546875,149.83999633789062,100.73999786376953,241.07000732421875,150.63999938964844,101.4000015258789,242.3300018310547,144.83999633789062,97.80000305175781,234.72999572753906,147.63999938964844,98.0199966430664,236.80999755859375,146691400,24617000,29029700
2022-09-29 00:00:00+00:00,140.9186553955078,97.84969329833984,233.4750518798828,142.47999572753906,98.08999633789062,237.5,146.72000122070312,99.30000305175781,239.9499969482422,140.67999267578125,96.5199966430664,234.41000366210938,146.10000610351562,99.30000305175781,238.88999938964844,128138200,21921500,27484200
2022-09-30 00:00:00+00:00,136.685546875,95.9144515991211,228.9530029296875,138.1999969482422,96.1500015258789,232.89999389648438,143.10000610351562,99.49400329589844,240.5399932861328,138.0,96.02999877929688,232.72999572753906,141.27999877929688,97.7300033569336,238.2899932861328,124925300,26277800,35694800
2022-10-03 00:00:00+00:00,140.88897705078125,99.0567398071289,236.6601104736328,142.4499969482422,99.30000305175781,240.74000549316406,143.07000732421875,99.97000122070312,241.61000061035156,137.69000244140625,97.0199966430664,234.66000366210938,138.2100067138672,97.22000122070312,235.41000366210938,114311700,24840000,28880400
2022-10-04 00:00:00+00:00,144.4989776611328,102.15912628173828,244.6621856689453,146.10000610351562,102.41000366210938,248.8800048828125,146.22000122070312,102.72000122070312,250.36000061035156,144.25999450683594,101.04000091552734,244.97999572753906,145.02999877929688,101.04000091552734,245.08999633789062,87830100,22580900,34888400
2022-10-05 00:00:00+00:00,144.795654296875,101.9695816040039,244.97674560546875,146.39999389648438,102.22000122070312,249.1999969482422,147.3800048828125,102.73999786376953,250.5800018310547,143.00999450683594,99.73999786376953,244.10000610351562,144.07000732421875,100.69000244140625,245.99000549316406,79471000,18475500,20347100
2022-10-06 00:00:00+00:00,143.83631896972656,101.98953247070312,242.60760498046875,145.42999267578125,102.23999786376953,246.7899932861328,147.5399932861328,103.7300033569336,250.33999633789062,145.22000122070312,101.5,246.0800018310547,145.80999755859375,101.5,247.92999267578125,68402200,17156200,20239900
2022-10-07 00:00:00+00:00,138.55482482910156,99.3260726928711,230.27027893066406,140.08999633789062,99.56999969482422,234.24000549316406,143.10000610351562,101.41999816894531,241.32000732421875,139.4499969482422,99.20999908447266,233.1699981689453,142.5399932861328,100.6500015258789,240.89999389648438,85925600,24249900,37769600
2022-10-10 00:00:00+00:00,138.88124084472656,98.46817779541016,225.36485290527344,140.4199981689453,98.70999908447266,229.25,141.88999938964844,99.98999786376953,234.55999755859375,138.57000732421875,97.87000274658203,226.72999572753906,140.4199981689453,99.8499984741211,233.0500030517578,74899000,16529900,29743600
2022-10-11 00:00:00+00:00,137.45700073242188,97.80979919433594,221.5899200439453,138.97999572753906,98.05000305175781,225.41000366210938,141.35000610351562,100.12000274658203,229.05999755859375,138.22000122070312,97.25,224.11000061035156,139.89999389648438,98.25,227.6199951171875,77033700,21617700,30474000
2022-10-12 00:00:00+00:00,136.8240203857422,98.05918884277344,221.9241485595703,138.33999633789062,98.30000305175781,225.75,140.36000061035156,99.64800262451172,227.86000061035156,138.16000366210938,97.66999816894531,223.9600067138672,139.1300048828125,98.2699966430664,225.39999389648438,70433700,17343400,21903900
2022-10-13 00:00:00+00:00,141.42306518554688,99.46572875976562,230.27027893066406,142.99000549316406,99.70999908447266,234.24000549316406,143.58999633789062,100.52999877929688,236.10000610351562,134.3699951171875,95.2699966430664,219.1300048828125,134.99000549316406,95.93000030517578,219.85000610351562,113224000,32812200,42551800
2022-10-14 00:00:00+00:00,136.86355590820312,96.94193267822266,224.68655395507812,138.3800048828125,97.18000030517578,228.55999755859375,144.52000427246094,101.29000091552734,237.24000549316406,138.19000244140625,97.02999877929688,228.33999633789062,144.30999755859375,100.625,235.5399932861328,88598000,22624800,30198600
2022-10-17 00:00:00+00:00,140.8494110107422,100.5331039428711,233.5045166015625,142.41000366210938,100.77999877929688,237.52999877929688,142.89999389648438,101.7699966430664,238.9600067138672,140.27000427246094,99.51000213623047,235.13999938964844,141.07000732421875,99.5199966430664,235.82000732421875,85250900,23311600,28142300
2022-10-18 00:00:00+00:00,142.1747283935547,101.14160919189453,234.45809936523438,143.75,101.38999938964844,238.5,146.6999969482422,104.22000122070312,243.92999267578125,140.61000061035156,100.6500015258789,235.3699951171875,145.49000549316406,103.94000244140625,243.24000549316406,99136600,21610500,26329600
2022-10-19 00:00:00+00:00,142.28350830078125,100.04430389404297,232.4723358154297,143.86000061035156,100.29000091552734,236.47999572753906,144.9499969482422,101.65899658203125,239.61000061035156,141.5,99.63500213623047,234.2899932861328,141.69000244140625,100.69999694824219,237.0399932861328,61758300,21573700,19985700
2022-10-20 00:00:00+00:00,141.8186492919922,100.28372192382812,232.14793395996094,143.38999938964844,100.52999877929688,236.14999389648438,145.88999938964844,103.0,241.30999755859375,142.64999389648438,99.97000122070312,234.8699951171875,143.02000427246094,100.81999969482422,235.77000427246094,64522000,25125100,21811000
2022-10-21 00:00:00+00:00,145.65614318847656,101.23139953613281,238.0167236328125,147.27000427246094,101.4800033569336,242.1199951171875,147.85000610351562,101.62000274658203,243.0,142.64999389648438,98.2300033569336,234.5,142.8699951171875,98.45999908447266,234.74000549316406,86548600,28988700,26299700
2022-10-24 00:00:00+00:00,147.81227111816406,102.71774291992188,243.05979919433594,149.4499969482422,102.97000122070312,247.25,150.22999572753906,103.0999984741211,247.83999633789062,146.0,100.30000305175781,241.3000030517578,147.19000244140625,102.08999633789062,243.75999450683594,75981900,24680800,24911200
2022-10-25 00:00:00+00:00,150.6705780029297,104.67294311523438,246.4119873046875,152.33999633789062,104.93000030517578,250.66000366210938,152.49000549316406,105.0999984741211,251.0399932861328,149.36000061035156,103.0199966430664,245.8300018310547,150.08999633789062,103.30000305175781,247.25999450683594,74732300,29910200,34775500
2022-10-26 00:00:00+00:00,147.71334838867188,94.58770751953125,227.3997802734375,149.35000610351562,94.81999969482422,231.32000732421875,151.99000549316406,98.54000091552734,238.3000030517578,148.0399932861328,94.56999969482422,230.05999755859375,150.9600067138672,96.76000213623047,231.1699981689453,88194300,71504300,82543200
2022-10-27 00:00:00+00:00,143.2132110595703,92.3731460571289,222.9072265625,144.8000030517578,92.5999984741211,226.75,149.0500030517578,95.16999816894531,233.69000244140625,144.1300048828125,91.9000015258789,225.77999877929688,148.07000732421875,94.30999755859375,231.0399932861328,109180200,54036500,40424600
2022-10-28 00:00:00+00:00,154.03335571289062,96.34339904785156,231.87265014648438,155.74000549316406,96.58000183105469,235.8699951171875,157.5,96.86000061035156,236.60000610351562,147.82000732421875,92.322998046875,226.0500030517578,148.1999969482422,92.52999877929688,226.24000549316406,164762400,35696900,40647700
2022-10-31 00:00:00+00:00,151.65963745117188,94.4281005859375,228.19606018066406,153.33999633789062,94.66000366210938,232.1300048828125,154.24000549316406,96.3499984741211,234.9199981689453,151.9199981689453,94.37999725341797,231.14999389648438,153.16000366210938,95.77999877929688,233.75999450683594,97943200,29868700,28357300
2022-11-01 00:00:00+00:00,148.9990997314453,90.27828979492188,224.3031463623047,150.64999389648438,90.5,228.1699981689453,155.4499969482422,96.16500091552734,235.74000549316406,149.1300048828125,90.43000030517578,227.3300018310547,155.0800018310547,95.58999633789062,234.60000610351562,80379300,43220600,30592300
2022-11-02 00:00:00+00:00,143.44070434570312,86.85669708251953,216.36993408203125,145.02999877929688,87.06999969482422,220.10000610351562,152.1699981689453,91.30000305175781,231.3000030517578,145.0,87.01000213623047,220.0399932861328,148.9499969482422,90.91000366210938,229.4600067138672,93604600,43553600,38407000
2022-11-03 00:00:00+00:00,137.3580780029297,83.28546142578125,210.6190643310547,138.8800048828125,83.48999786376953,214.25,142.8000030517578,86.55000305175781,220.41000366210938,138.75,83.44999694824219,213.97999572753906,142.05999755859375,86.34500122070312,220.08999633789062,97918500,48510400,36633900
2022-11-04 00:00:00+00:00,137.0906219482422,86.48759460449219,217.63804626464844,138.3800048828125,86.69999694824219,221.38999938964844,142.6699981689453,86.7300033569336,221.58999633789062,134.3800048828125,83.87999725341797,213.42999267578125,142.08999633789062,85.51000213623047,217.5500030517578,140814800,40173300,36789100
2022-11-07 00:00:00+00:00,137.62554931640625,88.43283081054688,224.00823974609375,138.9199981689453,88.6500015258789,227.8699951171875,139.14999389648438,88.94000244140625,228.41000366210938,135.6699981689453,86.95999908447266,221.27999877929688,137.11000061035156,87.33999633789062,221.99000549316406,83374600,26899900,33498000
2022-11-08 00:00:00+00:00,138.20016479492188,88.69219207763672,224.9912872314453,139.5,88.91000366210938,228.8699951171875,141.42999267578125,90.40499877929688,231.64999389648438,137.49000549316406,87.6500015258789,225.83999633789062,140.41000366210938,89.16000366210938,228.6999969482422,89908500,30172000,28192500
2022-11-09 00:00:00+00:00,133.61331176757812,87.1858901977539,220.70516967773438,134.8699951171875,87.4000015258789,224.50999450683594,138.5500030517578,89.48999786376953,228.6300048828125,134.58999633789062,87.36000061035156,224.3300018310547,138.5,88.54499816894531,227.3699951171875,74917800,26743900,27852900
2022-11-10 00:00:00+00:00,145.50149536132812,93.93930053710938,238.86216735839844,146.8699951171875,94.16999816894531,242.97999572753906,146.8699951171875,94.55000305175781,243.3300018310547,139.5,91.6500015258789,235.0,141.24000549316406,92.33999633789062,235.42999267578125,118854000,42371200,46268000
2022-11-11 00:00:00+00:00,148.30514526367188,96.49303436279297,242.92218017578125,149.6999969482422,96.7300033569336,247.11000061035156,150.00999450683594,97.36000061035156,247.99000549316406,144.3699951171875,94.16000366210938,241.92999267578125,145.82000732421875,94.70999908447266,242.99000549316406,93979700,30569100,34620200
2022-11-14 00:00:00+00:00,146.89837646484375,95.79474639892578,237.45640563964844,148.27999877929688,96.02999877929688,241.5500030517578,150.27999877929688,97.18000030517578,243.91000366210938,147.42999267578125,95.11299896240234,239.2100067138672,148.97000122070312,95.5,241.99000549316406,73374100,24170100,31123300
2022-11-15 00:00:00+00:00,148.6419677734375,98.47815704345703,237.86927795410156,150.0399932861328,98.72000122070312,241.97000122070312,153.58999633789062,100.41999816894531,247.0,148.55999755859375,97.0199966430664,240.02999877929688,152.22000122070312,98.66999816894531,245.66000366210938,89868300,31831000,31390100
2022-11-16 00:00:00+00:00,147.40359497070312,98.74748992919922,238.3030242919922,148.7899932861328,98.98999786376953,241.72999572753906,149.8699951171875,99.8499984741211,243.8000030517578,147.2899932861328,97.9020004272461,240.4199981689453,149.1300048828125,98.0199966430664,242.7899932861328,64218300,24660200,24093300
2022-11-17 00:00:00+00:00,149.3156280517578,98.25869750976562,238.2537384033203,150.72000122070312,98.5,241.67999267578125,151.47999572753906,99.4800033569336,243.25,146.14999389648438,97.0999984741211,237.6300048828125,146.42999267578125,97.18000030517578,237.77999877929688,80389400,21818700,23123500
2022-11-18 00:00:00+00:00,149.8802947998047,97.56040954589844,237.80027770996094,151.2899932861328,97.80000305175781,241.22000122070312,152.6999969482422,99.16000366210938,243.74000549316406,149.97000122070312,96.73999786376953,239.02999877929688,152.30999755859375,99.01000213623047,243.50999450683594,74829600,24969900,27613500
2022-11-21 00:00:00+00:00,146.630859375,95.5952377319336,238.61851501464844,148.00999450683594,95.83000183105469,242.0500030517578,150.3699951171875,98.72000122070312,244.6699981689453,147.72000122070312,95.66999816894531,241.19000244140625,150.16000366210938,97.55999755859375,241.42999267578125,58724100,18696900,26394700
2022-11-22 00:00:00+00:00,148.7806396484375,97.09156036376953,241.55625915527344,150.17999267578125,97.33000183105469,245.02999877929688,150.4199981689453,97.5479965209961,245.30999755859375,146.92999267578125,94.41000366210938,240.7100067138672,148.1300048828125,96.16000366210938,243.58999633789062,51804100,18868900,19665700
2022-11-23 00:00:00+00:00,149.66238403320312,98.5779037475586,244.07008361816406,151.07000732421875,98.81999969482422,247.5800018310547,151.8300018310547,99.06900024414062,248.27999877929688,149.33999633789062,97.33999633789062,244.27000427246094,149.4499969482422,97.33999633789062,245.11000061035156,58301400,17568900,19508500
2022-11-25 00:00:00+00:00,146.72994995117188,97.36089324951172,243.9813995361328,148.11000061035156,97.5999984741211,247.49000549316406,148.8800048828125,98.94000244140625,248.6999969482422,147.1199951171875,97.52999877929688,246.72999572753906,148.30999755859375,98.46499633789062,247.30999755859375,35195900,8567800,9200800
2022-11-28 00:00:00+00:00,142.87619018554688,96.01420593261719,238.3325958251953,144.22000122070312,96.25,241.75999450683594,146.63999938964844,97.83000183105469,246.64999389648438,143.3800048828125,95.88999938964844,240.8000030517578,145.13999938964844,97.19999694824219,246.0800018310547,69246000,19974500,24778200
2022-11-29 00:00:00+00:00,139.8546142578125,95.20619201660156,236.9228973388672,141.1699981689453,95.44000244140625,240.3300018310547,144.80999755859375,96.38999938964844,242.7899932861328,140.35000610351562,94.38999938964844,238.2100067138672,144.2899932861328,96.0,241.39999389648438,83763800,20220000,17956300
2022-11-30 00:00:00+00:00,146.6506805419922,101.20146942138672,251.52293395996094,148.02999877929688,101.44999694824219,255.13999938964844,148.72000122070312,101.44999694824219,255.3300018310547,140.5500030517578,94.66999816894531,239.86000061035156,141.39999389648438,95.12000274658203,240.57000732421875,111380900,39888100,47594200
2022-12-01 00:00:00+00:00,146.92808532714844,101.0318832397461,251.07931518554688,148.30999755859375,101.27999877929688,254.69000244140625,149.1300048828125,102.58999633789062,256.1199951171875,146.61000061035156,100.66999816894531,250.9199981689453,148.2100067138672,101.4000015258789,253.8699951171875,71250400,21771500,26041500
2022-12-02 00:00:00+00:00,146.4327392578125,100.5829849243164,251.40463256835938,147.80999755859375,100.83000183105469,255.02000427246094,148.0,101.1500015258789,256.05999755859375,145.64999389648438,99.16999816894531,249.69000244140625,145.9600067138672,99.37000274658203,249.82000732421875,65447400,18821500,21528500
2022-12-05 00:00:00+00:00,145.26376342773438,99.6253433227539,246.65296936035156,146.6300048828125,99.87000274658203,250.1999969482422,150.9199981689453,101.75,253.82000732421875,145.77000427246094,99.3550033569336,248.05999755859375,147.77000427246094,99.81500244140625,252.00999450683594,68826400,19955500,23435300
2022-12-06 00:00:00+00:00,141.5784149169922,97.07160186767578,241.6449737548828,142.91000366210938,97.30999755859375,245.1199951171875,147.3000030517578,100.20999908447266,251.86000061035156,141.9199981689453,96.76000213623047,243.77999877929688,147.07000732421875,99.66999816894531,250.82000732421875,64727200,20877600,22463700
2022-12-07 00:00:00+00:00,139.6267547607422,94.91690063476562,240.90560913085938,140.94000244140625,95.1500015258789,244.3699951171875,143.3699951171875,97.30999755859375,246.16000366210938,140.0,95.0250015258789,242.2100067138672,142.19000244140625,96.7699966430664,244.8300018310547,69721100,26647900,20481500
2022-12-08 00:00:00+00:00,141.32080078125,93.71984100341797,243.89263916015625,142.64999389648438,93.94999694824219,247.39999389648438,143.52000427246094,95.87000274658203,248.74000549316406,141.10000610351562,93.80000305175781,243.05999755859375,142.36000061035156,95.69000244140625,244.83999633789062,62128300,25593200,22611800
2022-12-09 00:00:00+00:00,140.83538818359375,92.84199523925781,241.94073486328125,142.16000366210938,93.06999969482422,245.4199981689453,145.57000732421875,94.48999786376953,248.30999755859375,140.89999389648438,93.0199966430664,244.16000366210938,142.33999633789062,93.9000015258789,244.6999969482422,76097000,21885300,20609700
2022-12-12 00:00:00+00:00,143.1436767578125,93.33079528808594,248.9302215576172,144.49000549316406,93.55999755859375,252.50999450683594,144.5,93.875,252.5399932861328,141.05999755859375,91.9000015258789,247.1699981689453,142.6999969482422,93.08999633789062,247.4499969482422,70462700,27380900,30665100
2022-12-13 00:00:00+00:00,144.1145782470703,95.61518859863281,253.2777099609375,145.47000122070312,95.8499984741211,256.9200134277344,149.97000122070312,99.80000305175781,263.9200134277344,144.24000549316406,95.37999725341797,253.07000732421875,149.5,98.06999969482422,261.69000244140625,93886200,34788500,42196900
2022-12-14 00:00:00+00:00,141.87562561035156,95.07650756835938,253.57345581054688,143.2100067138672,95.30999755859375,257.2200012207031,146.66000366210938,97.22000122070312,262.5899963378906,141.16000366210938,93.94000244140625,254.30999755859375,145.35000610351562,95.54000091552734,257.1300048828125,82291200,26452900,35410900
2022-12-15 00:00:00+00:00,135.22811889648438,90.97657775878906,245.47982788085938,136.5,91.19999694824219,249.00999450683594,141.8000030517578,94.02999877929688,254.1999969482422,136.02999877929688,90.43000030517578,247.33999633789062,141.11000061035156,93.54000091552734,253.72000122070312,98931900,28298800,35560400
2022-12-16 00:00:00+00:00,133.25665283203125,90.63740539550781,241.22108459472656,134.50999450683594,90.86000061035156,244.69000244140625,137.64999389648438,91.75,249.83999633789062,133.72999572753906,90.01000213623047,243.50999450683594,136.69000244140625,91.19999694824219,248.5500030517578,160156900,48485500,86102000
2022-12-19 00:00:00+00:00,131.1365966796875,88.93160247802734,237.0411834716797,132.3699951171875,89.1500015258789,240.4499969482422,135.1999969482422,91.19999694824219,245.2100067138672,131.32000732421875,88.92500305175781,238.7100067138672,135.11000061035156,90.87999725341797,244.86000061035156,79592600,23020500,29696400
2022-12-20 00:00:00+00:00,131.0672607421875,89.4104232788086,238.3720703125,132.3000030517578,89.62999725341797,241.8000030517578,133.25,89.77999877929688,242.91000366210938,129.88999938964844,88.04000091552734,238.4199981689453,131.38999938964844,88.7300033569336,239.39999389648438,77432800,21976800,25150800
2022-12-21 00:00:00+00:00,134.18789672851562,90.02890014648438,240.96475219726562,135.4499969482422,90.25,244.42999267578125,136.80999755859375,90.91500091552734,245.6199951171875,132.75,88.91000366210938,240.11000061035156,132.97999572753906,89.7300033569336,241.69000244140625,85928000,20336400,23690600
2022-12-22 00:00:00+00:00,130.9979248046875,88.04378509521484,234.813232421875,132.22999572753906,88.26000213623047,238.19000244140625,134.55999755859375,89.18000030517578,241.99000549316406,130.3000030517578,86.94000244140625,233.8699951171875,134.35000610351562,88.93000030517578,241.25999450683594,77852100,23656100,28651700
2022-12-23 00:00:00+00:00,130.63136291503906,89.58998107910156,235.3455810546875,131.86000061035156,89.80999755859375,238.72999572753906,132.4199981689453,90.0999984741211,238.8699951171875,129.63999938964844,87.62000274658203,233.94000244140625,130.9199981689453,87.62000274658203,236.11000061035156,63814900,17815000,21207000
2022-12-27 00:00:00+00:00,128.81842041015625,87.71459197998047,233.60069274902344,130.02999877929688,87.93000030517578,236.9600067138672,131.41000366210938,89.5,238.92999267578125,128.72000122070312,87.53500366210938,235.8300018310547,131.3800048828125,89.30999755859375,238.6999969482422,69007800,15470900,16688600
2022-12-28 00:00:00+00:00,124.86558532714844,86.2481918334961,231.20510864257812,126.04000091552734,86.45999908447266,234.52999877929688,131.02999877929688,88.5199966430664,239.72000122070312,125.87000274658203,86.37000274658203,234.1699981689453,129.6699981689453,87.5,236.88999938964844,85438400,17879600,17457100
2022-12-29 00:00:00+00:00,128.40232849121094,88.73208618164062,237.59326171875,129.61000061035156,88.94999694824219,241.00999450683594,130.47999572753906,89.36499786376953,241.9199981689453,127.7300033569336,86.98999786376953,235.64999389648438,127.98999786376953,87.02999877929688,235.64999389648438,75703700,18280700,19770700
2022-12-30 00:00:00+00:00,128.71934509277344,88.51263427734375,236.4201202392578,129.92999267578125,88.7300033569336,239.82000732421875,129.9499969482422,88.83000183105469,239.9600067138672,127.43000030517578,87.02999877929688,236.66000366210938,128.41000366210938,87.36499786376953,238.2100067138672,77034200,19190300,21938500
